"PK","SK","AlgorithmVersion","GeneratedAt","PostID"
"TRENDING#trending-v1.0","0000000.00#43589af7-038a-44a1-9634-6adc2f48d5d4","trending-v1.0","2025-06-09T11:09:35Z","43589af7-038a-44a1-9634-6adc2f48d5d4"
"TRENDING#trending-v1.0","0000000.00#4e052ecc-49a6-4e2a-9859-4e6027442fad","trending-v1.0","2025-06-09T11:09:35Z","4e052ecc-49a6-4e2a-9859-4e6027442fad"
"TRENDING#trending-v1.0","0000000.00#6b062845-f860-4d00-b123-7a95006e0d59","trending-v1.0","2025-06-09T11:09:35Z","6b062845-f860-4d00-b123-7a95006e0d59"
"TRENDING#trending-v1.0","0000000.00#94f96d1c-699a-479f-bc22-32b6970532f0","trending-v1.0","2025-06-09T11:09:35Z","94f96d1c-699a-479f-bc22-32b6970532f0"
"TRENDING#trending-v1.0","0000000.00#a4e929a6-cd1b-4a81-9521-da0f1aabfca9","trending-v1.0","2025-06-09T11:09:35Z","a4e929a6-cd1b-4a81-9521-da0f1aabfca9"
"TRENDING#trending-v1.0","0000000.00#c9774ccf-2d06-409b-8ce3-70ea3d5833e8","trending-v1.0","2025-06-09T11:09:35Z","c9774ccf-2d06-409b-8ce3-70ea3d5833e8"
"TRENDING#trending-v1.0","0000000.00#d943aea3-6882-4d10-bf95-677c0fb60222","trending-v1.0","2025-06-09T11:09:35Z","d943aea3-6882-4d10-bf95-677c0fb60222"
"TRENDING#trending-v1.0","0000000.00#dbfa99bd-a80b-4260-a2ed-74cadd0f4270","trending-v1.0","2025-06-09T11:09:35Z","dbfa99bd-a80b-4260-a2ed-74cadd0f4270"
"TRENDING#trending-v1.0","0000000.00#dcf9deff-ba71-4898-9bd6-be57d2b76140","trending-v1.0","2025-06-09T11:09:35Z","dcf9deff-ba71-4898-9bd6-be57d2b76140"
"TRENDING#trending-v1.0","0000001.00#06d318cd-3807-476f-9399-eb21c341da09","trending-v1.0","2025-06-09T11:09:35Z","06d318cd-3807-476f-9399-eb21c341da09"
"TRENDING#trending-v1.0","0000001.00#686ee0ff-8196-4101-846c-0310f7e3cb0c","trending-v1.0","2025-06-09T09:43:39Z","686ee0ff-8196-4101-846c-0310f7e3cb0c"
"TRENDING#trending-v1.0","0000001.00#f8b97e9a-a286-4132-923f-37a9cb0a8b77","trending-v1.0","2025-06-09T09:43:39Z","f8b97e9a-a286-4132-923f-37a9cb0a8b77"
"TRENDING#trending-v1.0","0000002.00#f8b97e9a-a286-4132-923f-37a9cb0a8b77","trending-v1.0","2025-06-09T11:09:35Z","f8b97e9a-a286-4132-923f-37a9cb0a8b77"
"TRENDING#trending-v1.0","0000003.00#686ee0ff-8196-4101-846c-0310f7e3cb0c","trending-v1.0","2025-06-09T11:09:35Z","686ee0ff-8196-4101-846c-0310f7e3cb0c"